,date,price,volume
0,1986-07-21,0.103299,65894400
1,1986-07-28,0.096354,80812800
2,1986-08-04,0.094618,41385600
3,1986-08-11,0.098090,51062400
4,1986-08-18,0.100694,109238400
5,1986-08-25,0.097222,51667200
6,1986-09-01,0.091146,89308800
7,1986-09-08,0.098090,118137600
8,1986-09-15,0.096354,43574400
9,1986-09-22,0.099826,22723200
10,1986-09-29,0.095486,81244800
11,1986-10-06,0.100694,434044800
12,1986-10-13,0.114583,249840000
13,1986-10-20,0.122396,382320000
14,1986-10-27,0.131076,429638400
15,1986-11-03,0.135417,258595200
16,1986-11-10,0.143229,123667200
17,1986-11-17,0.140625,321955200
18,1986-11-24,0.157118,349747200
19,1986-12-01,0.167535,254246400
20,1986-12-08,0.164063,103276800
21,1986-12-15,0.157118,220694400
22,1986-12-22,0.168403,52848000
23,1986-12-29,0.162326,103104000
24,1987-01-05,0.164931,274723200
25,1987-01-12,0.199653,457027200
26,1987-01-19,0.210069,726422400
27,1987-01-26,0.228299,490780800
28,1987-02-02,0.237847,226252800
29,1987-02-09,0.231771,508550400
30,1987-02-16,0.232639,604972800
31,1987-02-23,0.230903,494496000
32,1987-03-02,0.255208,450547200
33,1987-03-09,0.281250,332697600
34,1987-03-16,0.276910,363427200
35,1987-03-23,0.303819,325180800
36,1987-03-30,0.307292,886464000
37,1987-04-06,0.326389,393840000
38,1987-04-13,0.315972,421689600
39,1987-04-20,0.325521,390672000
40,1987-04-27,0.337674,375235200
41,1987-05-04,0.362847,738777600
42,1987-05-11,0.406250,493516800
43,1987-05-18,0.372396,637228800
44,1987-05-25,0.375000,284688000
45,1987-06-01,0.371528,183168000
46,1987-06-08,0.337674,778521600
47,1987-06-15,0.334201,366825600
48,1987-06-22,0.348958,336873600
49,1987-06-29,0.342882,142790400
50,1987-07-06,0.307292,624556800
51,1987-07-13,0.333333,422150400
52,1987-07-20,0.326389,338169600
53,1987-07-27,0.319444,349833600
54,1987-08-03,0.316840,786182400
55,1987-08-10,0.347222,298828800
56,1987-08-17,0.348958,280540800
57,1987-08-24,0.366319,585043200
58,1987-08-31,0.388021,375868800
59,1987-09-07,0.375868,256262400
60,1987-09-14,0.394965,292320000
61,1987-09-21,0.368056,476150400
62,1987-09-28,0.428819,497505600
63,1987-10-05,0.482639,703828800
64,1987-10-12,0.446181,667281600
65,1987-10-19,0.298611,1068926400
66,1987-10-26,0.258681,868320000
67,1987-11-02,0.303819,453052800
68,1987-11-09,0.315972,390038400
69,1987-11-16,0.310764,375595200
70,1987-11-23,0.312500,167342400
71,1987-11-30,0.277778,555638400
72,1987-12-07,0.293403,500601600
73,1987-12-14,0.331597,459374400
74,1987-12-21,0.347222,166320000
75,1987-12-28,0.347222,262425600
76,1988-01-04,0.378472,623664000
77,1988-01-11,0.376736,540979200
78,1988-01-18,0.364583,486662400
79,1988-01-25,0.376736,315489600
80,1988-02-01,0.345486,394099200
81,1988-02-08,0.352431,349502400
82,1988-02-15,0.378472,305971200
83,1988-02-22,0.397569,315000000
84,1988-02-29,0.402778,302544000
85,1988-03-07,0.421875,438883200
86,1988-03-14,0.404514,439819200
87,1988-03-21,0.387153,672926400
88,1988-03-28,0.376736,298828800
89,1988-04-04,0.378472,297676800
90,1988-04-11,0.366319,359308800
91,1988-04-18,0.373264,287136000
92,1988-04-25,0.376736,210974400
93,1988-05-02,0.371528,256017600
94,1988-05-09,0.381944,185428800
95,1988-05-16,0.387153,311846400
96,1988-05-23,0.378472,235670400
97,1988-05-30,0.383681,237902400
98,1988-06-06,0.411458,344476800
99,1988-06-13,0.432292,258350400
100,1988-06-20,0.430556,264787200
101,1988-06-27,0.442708,180072000
102,1988-07-04,0.465278,245995200
103,1988-07-11,0.449653,279619200
104,1988-07-18,0.420139,365414400
105,1988-07-25,0.394097,467136000
106,1988-08-01,0.359375,464385600
107,1988-08-08,0.347222,581688000
108,1988-08-15,0.347222,290476800
109,1988-08-22,0.331597,398160000
110,1988-08-29,0.333333,325598400
111,1988-09-05,0.352431,320198400
112,1988-09-12,0.359375,284702400
113,1988-09-19,0.354167,209160000
114,1988-09-26,0.357639,204811200
115,1988-10-03,0.332465,379123200
116,1988-10-10,0.331597,449078400
117,1988-10-17,0.355903,241142400
118,1988-10-24,0.331597,421473600
119,1988-10-31,0.320313,541310400
120,1988-11-07,0.319444,370137600
121,1988-11-14,0.315972,427536000
122,1988-11-21,0.314236,145425600
123,1988-11-28,0.321181,289310400
124,1988-12-05,0.336806,207878400
125,1988-12-12,0.328125,181065600
126,1988-12-19,0.350694,313876800
127,1988-12-26,0.359375,154137600
128,1989-01-02,0.366319,212025600
129,1989-01-09,0.357639,238593600
130,1989-01-16,0.348958,278236800
131,1989-01-23,0.364583,411048000
132,1989-01-30,0.383681,637747200
133,1989-02-06,0.414931,676065600
134,1989-02-13,0.416667,330048000
135,1989-02-20,0.407986,281232000
136,1989-02-27,0.406250,333374400
137,1989-03-06,0.354167,1289145600
138,1989-03-13,0.319444,577281600
139,1989-03-20,0.317708,718300800
140,1989-03-27,0.341146,252835200
141,1989-04-03,0.343750,160848000
142,1989-04-10,0.329861,283924800
143,1989-04-17,0.352431,486936000
144,1989-04-24,0.372396,203112000
145,1989-05-01,0.359375,170222400
146,1989-05-08,0.354167,267840000
147,1989-05-15,0.375000,363124800
148,1989-05-22,0.387153,312912000
149,1989-05-29,0.404514,261720000
150,1989-06-05,0.392361,225604800
151,1989-06-12,0.390625,239025600
152,1989-06-19,0.369792,223070400
153,1989-06-26,0.355903,268041600
154,1989-07-03,0.363715,177465600
155,1989-07-10,0.359375,199080000
156,1989-07-17,0.364583,248328000
157,1989-07-24,0.357639,562809600
158,1989-07-31,0.373264,329558400
159,1989-08-07,0.395833,427708800
160,1989-08-14,0.383681,198388800
161,1989-08-21,0.388889,320875200
162,1989-08-28,0.404514,181944000
163,1989-09-04,0.401042,217411200
164,1989-09-11,0.406250,444038400
165,1989-09-18,0.432292,293745600
166,1989-09-25,0.454861,284918400
167,1989-10-02,0.472222,751737600
168,1989-10-09,0.506944,394761600
169,1989-10-16,0.479167,838022400
170,1989-10-23,0.529514,521985600
171,1989-10-30,0.527778,501940800
172,1989-11-06,0.531250,496756800
173,1989-11-13,0.581597,468345600
174,1989-11-20,0.586806,180259200
175,1989-11-27,0.581597,343123200
176,1989-12-04,0.576389,289944000
177,1989-12-11,0.520833,461476800
178,1989-12-18,0.534722,369835200
179,1989-12-25,0.576389,287337600
180,1990-01-01,0.598090,362116800
181,1990-01-08,0.583333,477734400
182,1990-01-15,0.586806,631771200
183,1990-01-22,0.605035,668217600
184,1990-01-29,0.625000,401716800
185,1990-02-05,0.640625,433454400
186,1990-02-12,0.652778,311083200
187,1990-02-19,0.663194,353664000
188,1990-02-26,0.675347,347630400
189,1990-03-05,0.706597,356486400
190,1990-03-12,0.736111,485625600
191,1990-03-19,0.756944,389174400
192,1990-03-26,0.753472,309456000
193,1990-04-02,0.758681,377596800
194,1990-04-09,0.789931,194990400
195,1990-04-16,0.815972,306712800
196,1990-04-23,0.772569,270086400
197,1990-04-30,0.774306,230896800
198,1990-05-07,0.854167,281311200
199,1990-05-14,0.881944,283464000
200,1990-05-21,0.954861,694555200
201,1990-05-28,1.006944,265060800
202,1990-06-04,0.986111,379605600
203,1990-06-11,1.013889,294919200
204,1990-06-18,1.024306,202413600
205,1990-06-25,1.031250,219952800
206,1990-07-02,0.982639,218390400
207,1990-07-09,1.017361,278611200
208,1990-07-16,1.013889,295920000
209,1990-07-23,0.916667,625795200
210,1990-07-30,0.838542,450331200
211,1990-08-06,0.812500,440755200
212,1990-08-13,0.833333,287618400
213,1990-08-20,0.704861,561376800
214,1990-08-27,0.819444,374018400
215,1990-09-03,0.781250,271375200
216,1990-09-10,0.756944,345672000
217,1990-09-17,0.812500,316065600
218,1990-09-24,0.798611,337730400
219,1990-10-01,0.864583,424087200
220,1990-10-08,0.750000,413719200
221,1990-10-15,0.743056,861120000
222,1990-10-22,0.857639,317541600
223,1990-10-29,0.861111,305856000
224,1990-11-05,0.875000,259826400
225,1990-11-12,0.916667,345247200
226,1990-11-19,0.930556,197222400
227,1990-11-26,0.940972,326649600
228,1990-12-03,1.003472,381542400
229,1990-12-10,0.979167,288201600
230,1990-12-17,1.006944,193896000
231,1990-12-24,1.031250,72662400
232,1990-12-31,1.034722,173124000
233,1991-01-07,1.013889,465516000
234,1991-01-14,1.048611,548575200
235,1991-01-21,1.175347,518284800
236,1991-01-28,1.236111,655855200
237,1991-02-04,1.361111,491025600
238,1991-02-11,1.375000,593193600
239,1991-02-18,1.385417,292737600
240,1991-02-25,1.395833,364471200
241,1991-03-04,1.413194,524556000
242,1991-03-11,1.328125,601272000
243,1991-03-18,1.291667,456818400
244,1991-03-25,1.305556,272181600
245,1991-04-01,1.451389,430005600
246,1991-04-08,1.440972,406303200
247,1991-04-15,1.458333,483206400
248,1991-04-22,1.371528,479829600
249,1991-04-29,1.333333,388000800
250,1991-05-06,1.392361,281620800
251,1991-05-13,1.342014,353779200
252,1991-05-20,1.357639,373975200
253,1991-05-27,1.500000,251762400
254,1991-06-03,1.510417,208036800
255,1991-06-10,1.524306,206776800
256,1991-06-17,1.375000,488988000
257,1991-06-24,1.354167,391600800
258,1991-07-01,1.281250,386697600
259,1991-07-08,1.260417,339768000
260,1991-07-15,1.354167,170121600
261,1991-07-22,1.354167,364560000
262,1991-07-29,1.432292,461448000
263,1991-08-05,1.494792,357244800
264,1991-08-12,1.661458,315940800
265,1991-08-19,1.604167,302755200
266,1991-08-26,1.739583,169905600
267,1991-09-02,1.666667,181209600
268,1991-09-09,1.666667,267052800
269,1991-09-16,1.708333,153676800
270,1991-09-23,1.760417,204436800
271,1991-09-30,1.796875,175636800
272,1991-10-07,1.807292,237796800
273,1991-10-14,1.843750,342086400
274,1991-10-21,1.859375,152947200
275,1991-10-28,1.828125,215457600
276,1991-11-04,1.890625,176275200
277,1991-11-11,1.973958,294086400
278,1991-11-18,1.963542,254510400
279,1991-11-25,1.932292,128068800
280,1991-12-02,2.000000,233620800
281,1991-12-09,2.072917,206280000
282,1991-12-16,2.088542,161740800
283,1991-12-23,2.135417,131092800
284,1991-12-30,2.265625,188548800
285,1992-01-06,2.341146,371174400
286,1992-01-13,2.557292,305894400
287,1992-01-20,2.416667,348360000
288,1992-01-27,2.416667,330988800
289,1992-02-03,2.447917,308774400
290,1992-02-10,2.458333,345782400
291,1992-02-17,2.364583,384508800
292,1992-02-24,2.354167,354964800
293,1992-03-02,2.432292,213254400
294,1992-03-09,2.463542,202228800
295,1992-03-16,2.510417,366187200
296,1992-03-23,2.489583,295185600
297,1992-03-30,2.432292,318072000
298,1992-04-06,2.359375,414724800
299,1992-04-13,2.380208,408057600
300,1992-04-20,2.333333,592881600
301,1992-04-27,2.229167,594724800
302,1992-05-04,2.343750,283584000
303,1992-05-11,2.276042,268459200
304,1992-05-18,2.302083,233102400
305,1992-05-25,2.385417,222004800
306,1992-06-01,2.500000,222000000
307,1992-06-08,2.239583,459052800
308,1992-06-15,2.218750,278816000
309,1992-06-22,2.054688,451920000
310,1992-06-29,2.132813,290710400
311,1992-07-06,2.046875,274118400
312,1992-07-13,2.140625,258560000
313,1992-07-20,2.140625,298323200
314,1992-07-27,2.250000,288496000
315,1992-08-03,2.195313,181811200
316,1992-08-10,2.187500,168115200
317,1992-08-17,2.125000,246310400
318,1992-08-24,2.140625,267436800
319,1992-08-31,2.289063,232313600
320,1992-09-07,2.351563,194457600
321,1992-09-14,2.449219,270697600
322,1992-09-21,2.375000,179014400
323,1992-09-28,2.382813,236697600
324,1992-10-05,2.367188,303532800
325,1992-10-12,2.585938,252387200
326,1992-10-19,2.656250,323008000
327,1992-10-26,2.726563,183184000
328,1992-11-02,2.738281,241532800
329,1992-11-09,2.828125,227027200
330,1992-11-16,2.789063,197206400
331,1992-11-23,2.726563,526144000
332,1992-11-30,2.828125,168323200
333,1992-12-07,2.679688,301609600
334,1992-12-14,2.664063,296614400
335,1992-12-21,2.687500,214553600
336,1992-12-28,2.664063,187478400
337,1993-01-04,2.640625,334342400
338,1993-01-11,2.695313,530396800
339,1993-01-18,2.710938,273990400
340,1993-01-25,2.648438,272601600
341,1993-02-01,2.570313,486384000
342,1993-02-08,2.601563,262796800
343,1993-02-15,2.414063,448742400
344,1993-02-22,2.398438,350419200
345,1993-03-01,2.539063,199548800
346,1993-03-08,2.562500,247286400
347,1993-03-15,2.625000,191139200
348,1993-03-22,2.578125,191283200
349,1993-03-29,2.710938,542364800
350,1993-04-05,2.750000,196489600
351,1993-04-12,2.671875,299657600
352,1993-04-19,2.523438,353379200
353,1993-04-26,2.492188,275443200
354,1993-05-03,2.656250,218672000
355,1993-05-10,2.640625,248409600
356,1993-05-17,2.664063,518723200
357,1993-05-24,2.812500,318643200
358,1993-05-31,2.898438,300387200
359,1993-06-07,2.781250,287459200
360,1993-06-14,2.718750,253795200
361,1993-06-21,2.710938,223561600
362,1993-06-28,2.703125,234320000
363,1993-07-05,2.539063,350396800
364,1993-07-12,2.523438,227158400
365,1993-07-19,2.398438,616595200
366,1993-07-26,2.250000,675952000
367,1993-08-02,2.242188,467430400
368,1993-08-09,2.199219,498147200
369,1993-08-16,2.289063,387161600
370,1993-08-23,2.226563,371708800
371,1993-08-30,2.242188,315366400
372,1993-09-06,2.289063,179833600
373,1993-09-13,2.320313,202595200
374,1993-09-20,2.335938,328284800
375,1993-09-27,2.523438,329462400
376,1993-10-04,2.570313,284441600
377,1993-10-11,2.507813,367846400
378,1993-10-18,2.437500,415500800
379,1993-10-25,2.460938,256915200
380,1993-11-01,2.375000,248992000
381,1993-11-08,2.429688,187814400
382,1993-11-15,2.484375,235968000
383,1993-11-22,2.390625,217481600
384,1993-11-29,2.445313,301584000
385,1993-12-06,2.515625,279401600
386,1993-12-13,2.476563,157971200
387,1993-12-20,2.515625,122460800
388,1993-12-27,2.492188,149625600
389,1994-01-03,2.476563,288761600
390,1994-01-10,2.617188,235004800
391,1994-01-17,2.578125,395088000
392,1994-01-24,2.601563,252230400
393,1994-01-31,2.539063,257504000
394,1994-02-07,2.437500,487680000
395,1994-02-14,2.437500,292361600
396,1994-02-21,2.445313,338246400
397,1994-02-28,2.515625,229334400
398,1994-03-07,2.492188,173734400
399,1994-03-14,2.570313,241273600
400,1994-03-21,2.570313,432761600
401,1994-03-28,2.578125,355900800
402,1994-04-04,2.562500,451996800
403,1994-04-11,2.593750,283344000
404,1994-04-18,2.570313,682054400
405,1994-04-25,2.851563,454124800
406,1994-05-02,2.839844,342857600
407,1994-05-09,2.863281,409257600
408,1994-05-16,2.921875,443843200
409,1994-05-23,3.031250,357934400
410,1994-05-30,3.242188,323897600
411,1994-06-06,3.226563,1267593600
412,1994-06-13,3.242188,270840000
413,1994-06-20,3.078125,383022400
414,1994-06-27,3.085938,336464000
415,1994-07-04,2.984375,268297600
416,1994-07-11,2.929688,379081600
417,1994-07-18,2.953125,571888000
418,1994-07-25,3.078125,242076800
419,1994-08-01,3.218750,309352000
420,1994-08-08,3.250000,242899200
421,1994-08-15,3.375000,308721600
422,1994-08-22,3.406250,272580800
423,1994-08-29,3.484375,319977600
424,1994-09-05,3.480469,161571200
425,1994-09-12,3.492188,200902400
426,1994-09-19,3.437500,264267200
427,1994-09-26,3.429688,175576000
428,1994-10-03,3.367188,214750400
429,1994-10-10,3.398438,285996800
430,1994-10-17,3.437500,346992000
431,1994-10-24,3.648438,299483200
432,1994-10-31,3.832031,271353600
433,1994-11-07,3.796875,308217600
434,1994-11-14,3.921875,190601600
435,1994-11-21,3.816406,191988800
436,1994-11-28,3.875000,202868800
437,1994-12-05,3.890625,235632000
438,1994-12-12,3.851563,212049600
439,1994-12-19,3.671875,431200000
440,1994-12-26,3.750000,99660800
441,1995-01-02,3.710938,177662400
442,1995-01-09,3.734375,188000000
443,1995-01-16,3.828125,348582400
444,1995-01-23,3.734375,282254400
445,1995-01-30,3.640625,288460800
446,1995-02-06,3.757813,222908800
447,1995-02-13,3.726563,310851200
448,1995-02-20,3.718750,210411200
449,1995-02-27,3.820313,190982400
450,1995-03-06,3.929688,379566400
451,1995-03-13,4.265625,277867200
452,1995-03-20,4.367188,335979200
453,1995-03-27,4.398438,312465600
454,1995-04-03,4.296875,276662400
455,1995-04-10,4.335938,160038400
456,1995-04-17,4.625000,460155200
457,1995-04-24,4.695313,402715200
458,1995-05-01,4.968750,315448000
459,1995-05-08,4.929688,194291200
460,1995-05-15,4.992188,291972800
461,1995-05-22,5.250000,311958400
462,1995-05-29,5.062500,336080000
463,1995-06-05,5.109375,280014400
464,1995-06-12,5.171875,262809600
465,1995-06-19,5.429688,285529600
466,1995-06-26,5.304688,325324800
467,1995-07-03,5.648438,179080000
468,1995-07-10,5.984375,459601600
469,1995-07-17,5.531250,1097652800
470,1995-07-24,5.750000,493089600
471,1995-07-31,5.468750,588625600
472,1995-08-07,5.734375,421649600
473,1995-08-14,5.984375,342324800
474,1995-08-21,5.898438,484764800
475,1995-08-28,5.437500,475078400
476,1995-09-04,5.640625,350668800
477,1995-09-11,5.781250,352318400
478,1995-09-18,5.562500,363227200
479,1995-09-25,5.210938,475852800
480,1995-10-02,5.312500,399846400
481,1995-10-09,5.023438,520614400
482,1995-10-16,5.343750,654361600
483,1995-10-23,5.906250,435891200
484,1995-10-30,6.140625,394380800
485,1995-11-06,5.804688,435564800
486,1995-11-13,5.460938,582276800
487,1995-11-20,5.265625,325902400
488,1995-11-27,5.367188,446342400
489,1995-12-04,5.320313,660155200
490,1995-12-11,5.453125,354534400
491,1995-12-18,5.335938,365433600
492,1995-12-25,5.390625,177366400
493,1996-01-01,5.304688,285073600
494,1996-01-08,4.992188,567534400
495,1996-01-15,5.117188,698428800
496,1996-01-22,5.562500,352097600
497,1996-01-29,5.584961,276755200
498,1996-02-05,5.796875,516950400
499,1996-02-12,6.093750,396907200
500,1996-02-19,6.054688,353369600
501,1996-02-26,5.914063,404081600
502,1996-03-04,5.921875,327006400
503,1996-03-11,5.921875,490552000
504,1996-03-18,6.234375,419267200
505,1996-03-25,6.171875,304472000
506,1996-04-01,6.382813,161123200
507,1996-04-08,6.226563,288809600
508,1996-04-15,6.312500,496300800
509,1996-04-22,6.890625,337340800
510,1996-04-29,6.882813,290364800
511,1996-05-06,6.851563,292760000
512,1996-05-13,7.187500,331246400
513,1996-05-20,7.164063,204636800
514,1996-05-27,7.289063,151028800
515,1996-06-03,7.265625,306840000
516,1996-06-10,7.499023,318444800
517,1996-06-17,7.437500,364529600
518,1996-06-24,7.437500,290288000
519,1996-07-01,7.398438,165985600
520,1996-07-08,6.905273,458377600
521,1996-07-15,6.718750,617886400
522,1996-07-22,6.843750,754603200
523,1996-07-29,7.257813,385360000
524,1996-08-05,7.554688,297944000
525,1996-08-12,7.710938,273883200
526,1996-08-19,7.609375,212398400
527,1996-08-26,7.656250,154323200
528,1996-09-02,7.539063,157945600
529,1996-09-09,7.640625,293120000
530,1996-09-16,8.187500,404844800
531,1996-09-23,8.203125,353950400
532,1996-09-30,8.179688,330920000
533,1996-10-07,8.328125,244115200
534,1996-10-14,8.347656,252468800
535,1996-10-21,8.203125,387153600
536,1996-10-28,8.429688,272083200
537,1996-11-04,8.546875,337974400
538,1996-11-11,8.843750,429171200
539,1996-11-18,9.289063,552324800
540,1996-11-25,9.406250,244966400
541,1996-12-02,9.266602,429796800
542,1996-12-09,9.750000,486807200
543,1996-12-16,9.546875,380648800
544,1996-12-23,10.359375,100124000
545,1996-12-30,10.093750,160258400
546,1997-01-06,10.203125,257742400
547,1997-01-13,10.437500,291204800
548,1997-01-20,10.828125,584915200
549,1997-01-27,11.843750,333307200
550,1997-02-03,12.000000,391938400
551,1997-02-10,11.890625,343328000
552,1997-02-17,11.750000,245455200
553,1997-02-24,11.750000,316431200
554,1997-03-03,12.062500,267239200
555,1997-03-10,11.992188,243642400
556,1997-03-17,11.609375,421770400
557,1997-03-24,10.953125,451160800
558,1997-03-31,11.218750,431054400
559,1997-04-07,11.867188,331560000
560,1997-04-14,11.671875,489742400
561,1997-04-21,13.265625,517539200
562,1997-04-28,13.953125,399899200
563,1997-05-05,14.390625,368592800
564,1997-05-12,14.359375,255309600
565,1997-05-19,14.390625,249688800
566,1997-05-26,14.687500,255726400
567,1997-06-02,14.781250,207429600
568,1997-06-09,15.312500,245122400
569,1997-06-16,16.000000,279220800
570,1997-06-23,15.906250,200130400
571,1997-06-30,15.406250,179665600
572,1997-07-07,16.054688,205468800
573,1997-07-14,16.312500,534740000
574,1997-07-21,16.718750,556327200
575,1997-07-28,16.968750,314943200
576,1997-08-04,17.429688,259819200
577,1997-08-11,16.593750,297293600
578,1997-08-18,16.375000,348990400
579,1997-08-25,16.468750,204054400
580,1997-09-01,16.625000,185860000
581,1997-09-08,16.609375,245531200
582,1997-09-15,16.328125,431664000
583,1997-09-22,16.453125,219161600
584,1997-09-29,16.421875,221980800
585,1997-10-06,16.781250,227088800
586,1997-10-13,16.296875,232463200
587,1997-10-20,15.937500,461954400
588,1997-10-27,15.437500,461292000
589,1997-11-03,16.234375,263256800
590,1997-11-10,16.125000,226320000
591,1997-11-17,16.671875,250400000
592,1997-11-24,16.937500,175993600
593,1997-12-01,17.625000,267652000
594,1997-12-08,17.000000,292667200
595,1997-12-15,15.781250,438019200
596,1997-12-22,14.750000,247058400
597,1997-12-29,15.265625,231575200
598,1998-01-05,15.734375,374858400
599,1998-01-12,15.546875,323679200
600,1998-01-19,16.750000,372974400
601,1998-01-26,17.306641,374848000
602,1998-02-02,18.812500,338797600
603,1998-02-09,19.453125,298102400
604,1998-02-16,19.109375,322148000
605,1998-02-23,19.843750,442970400
606,1998-03-02,19.812500,316021200
607,1998-03-09,19.875000,220005600
608,1998-03-16,19.921875,202318800
609,1998-03-23,20.265625,295941600
610,1998-03-30,21.781250,184878400
611,1998-04-06,21.656250,207275200
612,1998-04-13,21.687500,179230000
613,1998-04-20,22.968750,293278800
614,1998-04-27,22.031250,255951200
615,1998-05-04,20.468750,311135200
616,1998-05-11,20.812500,339227200
617,1998-05-18,21.125000,241138000
618,1998-05-25,20.718750,167886000
619,1998-06-01,20.781250,185167600
620,1998-06-08,21.000000,170462000
621,1998-06-15,21.140625,310587200
622,1998-06-22,23.421875,424019600
623,1998-06-29,26.156250,223707600
624,1998-07-06,26.343750,198370800
625,1998-07-13,28.406250,323119200
626,1998-07-20,27.968750,303450400
627,1998-07-27,27.484375,323566000
628,1998-08-03,25.375000,408467600
629,1998-08-10,25.500000,242259200
630,1998-08-17,25.750000,289868000
631,1998-08-24,26.187500,276754400
632,1998-08-31,23.625000,454638400
633,1998-09-07,24.671875,245853600
634,1998-09-14,26.078125,229881200
635,1998-09-21,25.593750,265617600
636,1998-09-28,25.250000,260356000
637,1998-10-05,21.937500,499578800
638,1998-10-12,23.937500,296775200
639,1998-10-19,24.906250,421716000
640,1998-10-26,26.218750,293647200
641,1998-11-02,26.187500,303583200
642,1998-11-09,27.093750,271827200
643,1998-11-16,26.875000,236681600
644,1998-11-23,28.125000,279714800
645,1998-11-30,30.031250,318769200
646,1998-12-07,31.687500,320920400
647,1998-12-14,31.921875,282432800
648,1998-12-21,34.343750,138234400
649,1998-12-28,34.500000,112065200
650,1999-01-04,34.843750,304046800
651,1999-01-11,34.000000,298274400
652,1999-01-18,37.718750,390460000
653,1999-01-25,39.781250,479737600
654,1999-02-01,38.718750,464540800
655,1999-02-08,39.281250,384150800
656,1999-02-15,35.996094,365003200
657,1999-02-22,36.187500,385408400
658,1999-03-01,36.765625,302699200
659,1999-03-08,38.750000,326314000
660,1999-03-15,39.468750,322294800
661,1999-03-22,40.781250,412070000
662,1999-03-29,43.937500,247138000
663,1999-04-05,45.500000,196887400
664,1999-04-12,41.937500,254918200
665,1999-04-19,40.000000,388269600
666,1999-04-26,39.937500,282418200
667,1999-05-03,38.218750,322743000
668,1999-05-10,38.312500,285285000
669,1999-05-17,38.500000,276174400
670,1999-05-24,37.750000,240054600
671,1999-05-31,38.062500,147461600
672,1999-06-07,38.781250,197039800
673,1999-06-14,38.343750,227267400
674,1999-06-21,42.000000,187379400
675,1999-06-28,42.468750,208117000
676,1999-07-05,44.625000,150928600
677,1999-07-12,46.187500,268974000
678,1999-07-19,44.843750,357257200
679,1999-07-26,42.750000,287708800
680,1999-08-02,42.187500,322515000
681,1999-08-09,40.812500,294343600
682,1999-08-16,41.156250,284983000
683,1999-08-23,41.937500,365969000
684,1999-08-30,45.062500,202229600
685,1999-09-06,45.898438,162526400
686,1999-09-13,45.312500,242061800
687,1999-09-20,44.437500,285566800
688,1999-09-27,44.156250,209311600
689,1999-10-04,44.750000,190628600
690,1999-10-11,43.656250,202236600
691,1999-10-18,42.531250,337800800
692,1999-10-25,44.656250,287399400
693,1999-11-01,45.156250,268534000
694,1999-11-08,42.187500,541663200
695,1999-11-15,42.187500,295783800
696,1999-11-22,44.187500,243669200
697,1999-11-29,44.750000,284044400
698,1999-12-06,45.718750,230007400
699,1999-12-13,46.375000,586938400
700,1999-12-20,55.312500,166473400
701,1999-12-27,58.062500,109120000
702,2000-01-03,53.656250,288397200
703,2000-01-10,50.750000,314800000
704,2000-01-17,51.625000,303817800
705,2000-01-24,48.625000,294666000
706,2000-01-31,47.437500,297857800
707,2000-02-07,49.562500,321411600
708,2000-02-14,47.437500,376665200
709,2000-02-21,45.250000,277178000
710,2000-02-28,44.062500,449826800
711,2000-03-06,45.062500,496748200
712,2000-03-13,46.625000,346991400
713,2000-03-20,48.250000,483818400
714,2000-03-27,51.187500,385372000
715,2000-04-03,42.468750,673285200
716,2000-04-10,36.625000,531185000
717,2000-04-17,36.500000,317669600
718,2000-04-24,32.500000,736006800
719,2000-05-01,34.406250,340601400
720,2000-05-08,32.875000,260982800
721,2000-05-15,32.250000,255770600
722,2000-05-22,30.187500,363571400
723,2000-05-29,31.000000,298475000
724,2000-06-05,33.000000,370205400
725,2000-06-12,33.062500,307845400
726,2000-06-19,36.000000,406406200
727,2000-06-26,38.343750,207622800
728,2000-07-03,39.125000,152585600
729,2000-07-10,38.593750,280248600
730,2000-07-17,35.937500,375325800
731,2000-07-24,33.625000,355742000
732,2000-07-31,34.062500,258367400
733,2000-08-07,34.875000,339341800
734,2000-08-14,35.000000,229669000
735,2000-08-21,34.968750,220409400
736,2000-08-28,34.843750,279525800
737,2000-09-04,34.593750,282136800
738,2000-09-11,31.656250,314439400
739,2000-09-18,30.500000,349569200
740,2000-09-25,29.312500,441758600
741,2000-10-02,27.250000,423283200
742,2000-10-09,26.062500,416336400
743,2000-10-16,24.218750,728943800
744,2000-10-23,30.093750,686320600
745,2000-10-30,33.687500,442537200
746,2000-11-06,33.406250,570135000
747,2000-11-13,32.203125,426659800
748,2000-11-20,32.781250,250427200
749,2000-11-27,28.031250,618044800
750,2000-12-04,26.125000,538950600
751,2000-12-11,23.875000,445143800
752,2000-12-18,20.156250,649221800
753,2000-12-25,21.500000,313542200
754,2001-01-01,21.437500,424187000
755,2001-01-08,23.343750,460580000
756,2001-01-15,25.562500,460444200
757,2001-01-22,29.468750,436160600
758,2001-01-29,30.187500,367052200
759,2001-02-05,29.250000,462519400
760,2001-02-12,28.062500,341674600
761,2001-02-19,26.937500,318115000
762,2001-02-26,28.125000,433276200
763,2001-03-05,27.437500,334329400
764,2001-03-12,25.812500,480585000
765,2001-03-19,24.875000,503730600
766,2001-03-26,26.937500,415122400
767,2001-04-02,25.531250,480144200
768,2001-04-09,27.830000,362894600
769,2001-04-16,30.020000,659998200
770,2001-04-23,33.105000,498401800
771,2001-04-30,33.799999,436747200
772,2001-05-07,34.325001,376580200
773,2001-05-14,33.625000,395837600
774,2001-05-21,33.875000,414113800
775,2001-05-28,34.200001,285982800
776,2001-06-04,34.900002,332040600
777,2001-06-11,33.200001,349689400
778,2001-06-18,33.005001,305108400
779,2001-06-25,33.849998,404751800
780,2001-07-02,32.834999,217558000
781,2001-07-09,32.099998,393874400
782,2001-07-16,33.970001,377575600
783,2001-07-23,32.525002,364965000
784,2001-07-30,32.770000,254365800
785,2001-08-06,31.450001,211468400
786,2001-08-13,30.750000,204799400
787,2001-08-20,29.500000,288802400
788,2001-08-27,28.150000,295688400
789,2001-09-03,27.655001,358880400
790,2001-09-10,27.350000,84471800
791,2001-09-17,23.750000,640594600
792,2001-09-24,24.000000,426877600
793,2001-10-01,25.205000,430682000
794,2001-10-08,26.500000,393482200
795,2001-10-15,27.750000,377884200
796,2001-10-22,28.735001,371617600
797,2001-10-29,29.049999,370256200
798,2001-11-05,30.875000,316154000
799,2001-11-12,31.825001,343709000
800,2001-11-19,31.740000,188466600
801,2001-11-26,31.365000,289607800
802,2001-12-03,31.900000,270821600
803,2001-12-10,32.965000,236814000
804,2001-12-17,33.310001,324223800
805,2001-12-24,33.599998,102223400
806,2001-12-31,32.755001,211452400
807,2002-01-07,34.000000,305839000
808,2002-01-14,32.709999,359769000
809,2002-01-21,31.620001,290107400
810,2002-01-28,30.665001,299416400
811,2002-02-04,29.415001,327781000
812,2002-02-11,29.795000,257488800
813,2002-02-18,28.575001,233500800
814,2002-02-25,28.945000,311042000
815,2002-03-04,30.434999,296007000
816,2002-03-11,30.485001,275419200
817,2002-03-18,29.915001,231373200
818,2002-03-25,29.155001,208329200
819,2002-04-01,27.709999,312380600
820,2002-04-08,27.129999,322902400
821,2002-04-15,26.340000,333532400
822,2002-04-22,25.730000,301034000
823,2002-04-29,24.754999,374680200
824,2002-05-06,24.174999,403623800
825,2002-05-13,24.875000,308116000
826,2002-05-20,25.924999,256800000
827,2002-05-27,25.440001,224676200
828,2002-06-03,24.584999,419954600
829,2002-06-10,25.730000,471597400
830,2002-06-17,26.139999,456473200
831,2002-06-24,25.525000,486047800
832,2002-07-01,25.225000,265898200
833,2002-07-08,25.625000,464434400
834,2002-07-15,24.000000,535752000
835,2002-07-22,20.705000,837388600
836,2002-07-29,21.900000,506665200
837,2002-08-05,21.905001,411804200
838,2002-08-12,23.459999,421775000
839,2002-08-19,24.924999,361816000
840,2002-08-26,24.260000,342411600
841,2002-09-02,22.940001,315041800
842,2002-09-09,23.315001,366322400
843,2002-09-16,23.295000,415858200
844,2002-09-23,22.315001,482906400
845,2002-09-30,21.555000,542044000
846,2002-10-07,21.625000,555944000
847,2002-10-14,23.920000,640447400
848,2002-10-21,25.450001,481663400
849,2002-10-28,25.424999,475946600
850,2002-11-04,27.504999,470251200
851,2002-11-11,26.910000,402980600
852,2002-11-18,27.155001,363849400
853,2002-11-25,28.389999,213818200
854,2002-12-02,27.110001,346190400
855,2002-12-09,26.245001,317266600
856,2002-12-16,26.334999,353380800
857,2002-12-23,26.450001,145304000
858,2002-12-30,25.629999,228800400
859,2003-01-06,26.900000,334077800
860,2003-01-13,25.655001,411893800
861,2003-01-20,24.850000,347509000
862,2003-01-27,23.514999,502609600
863,2003-02-03,23.205000,421576600
864,2003-02-10,23.000000,393693200
865,2003-02-17,23.700001,212068600
866,2003-02-24,23.299999,319632400
867,2003-03-03,22.900000,283450300
868,2003-03-10,22.549999,330936500
869,2003-03-17,24.330000,410130000
870,2003-03-24,24.590000,276001800
871,2003-03-31,24.010000,302604600
872,2003-04-07,23.950001,319809400
873,2003-04-14,24.000000,259533900
874,2003-04-21,25.030001,261322100
875,2003-04-28,25.250000,272512900
876,2003-05-05,25.709999,259126000
877,2003-05-12,25.410000,249494800
878,2003-05-19,23.889999,387099900
879,2003-05-26,24.219999,320501800
880,2003-06-02,23.650000,446360900
881,2003-06-09,23.600000,351369100
882,2003-06-16,24.670000,431506000
883,2003-06-23,25.139999,292686700
884,2003-06-30,25.389999,242509300
885,2003-07-07,26.590000,318886400
886,2003-07-14,26.540001,300064300
887,2003-07-21,25.980000,257829600
888,2003-07-28,26.120001,263444200
889,2003-08-04,25.430000,244446200
890,2003-08-11,25.430000,179225400
891,2003-08-18,25.459999,305158600
892,2003-08-25,25.959999,195027000
893,2003-09-01,26.469999,307472000
894,2003-09-08,27.450001,238774500
895,2003-09-15,28.320000,300416400
896,2003-09-22,28.139999,295932200
897,2003-09-29,27.750000,264536500
898,2003-10-06,28.670000,233651500
899,2003-10-13,28.480000,223606200
900,2003-10-20,26.420000,409676000
901,2003-10-27,25.910000,379276300
902,2003-11-03,26.000000,329324700
903,2003-11-10,25.440001,357543000
904,2003-11-17,24.840000,467180400
905,2003-11-24,25.280001,288288600
906,2003-12-01,25.500000,463971200
907,2003-12-08,25.809999,425367900
908,2003-12-15,26.680000,354585100
909,2003-12-22,26.969999,115504900
910,2003-12-29,27.160000,161519900
911,2004-01-05,27.590000,294473400
912,2004-01-12,27.260000,273795600
913,2004-01-19,27.850000,322323400
914,2004-01-26,27.469999,297108900
915,2004-02-02,26.830000,274270700
916,2004-02-09,26.500000,249492500
917,2004-02-16,26.430000,213474200
918,2004-02-23,26.350000,294828200
919,2004-03-01,26.200001,277115000
920,2004-03-08,25.070000,380308700
921,2004-03-15,24.559999,400043100
922,2004-03-22,24.010000,464149000
923,2004-03-29,24.850000,348520900
924,2004-04-05,25.350000,211355800
925,2004-04-12,25.100000,282363400
926,2004-04-19,25.059999,511223400
927,2004-04-26,25.959999,386909500
928,2004-05-03,25.750000,304238400
929,2004-05-10,25.430000,294321000
930,2004-05-17,25.420000,283260200
931,2004-05-24,25.600000,259637300
932,2004-05-31,25.860001,197137900
933,2004-06-07,25.969999,222161000
934,2004-06-14,26.530001,488638200
935,2004-06-21,27.809999,411012400
936,2004-06-28,28.170000,331071700
937,2004-07-05,27.549999,244789000
938,2004-07-12,27.250000,289853700
939,2004-07-19,27.600000,572896600
940,2004-07-26,28.129999,327776100
941,2004-08-02,27.059999,283695500
942,2004-08-09,26.860001,256220400
943,2004-08-16,26.889999,262858700
944,2004-08-23,27.090000,202634400
945,2004-08-30,26.850000,225629900
946,2004-09-06,27.139999,207740700
947,2004-09-13,26.740000,257999400
948,2004-09-20,27.070000,295812600
949,2004-09-27,27.040001,308918800
950,2004-10-04,27.969999,264991600
951,2004-10-11,27.799999,241981800
952,2004-10-18,27.580000,373356600
953,2004-10-25,27.549999,353958400
954,2004-11-01,27.959999,425220100
955,2004-11-08,29.129999,546928700
956,2004-11-15,26.840000,376879800
957,2004-11-22,26.100000,247338400
958,2004-11-29,26.610001,415516000
959,2004-12-06,26.910000,416563600
960,2004-12-13,26.799999,543141500
961,2004-12-20,26.780001,309652700
962,2004-12-27,26.680000,261944200
963,2005-01-03,26.620001,392522300
964,2005-01-10,26.040001,390071600
965,2005-01-17,25.639999,262141600
966,2005-01-24,25.639999,405236700
967,2005-01-31,26.100000,332545200
968,2005-02-07,25.809999,352614200
969,2005-02-14,25.400000,336868100
970,2005-02-21,25.150000,327812600
971,2005-02-28,25.129999,322103600
972,2005-03-07,25.059999,316021800
973,2005-03-14,24.280001,408338500
974,2005-03-21,23.959999,331673700
975,2005-03-28,23.820000,310621300
976,2005-04-04,23.940001,339174000
977,2005-04-11,24.410000,343244900
978,2005-04-18,24.299999,407295900
979,2005-04-25,24.440001,365919300
980,2005-05-02,24.950001,332793600
981,2005-05-09,24.639999,335315800
982,2005-05-16,25.190001,278308200
983,2005-05-23,25.500000,278015000
984,2005-05-30,25.340000,207624100
985,2005-06-06,25.309999,232865700
986,2005-06-13,24.920000,300852300
987,2005-06-20,24.930000,355246100
988,2005-06-27,24.670000,322290800
989,2005-07-04,24.500000,262285000
990,2005-07-11,25.110001,295639000
991,2005-07-18,25.549999,434873900
992,2005-07-25,25.530001,258891400
993,2005-08-01,25.760000,511953100
994,2005-08-08,26.850000,305441100
995,2005-08-15,26.660000,222189700
996,2005-08-22,26.740000,229714300
997,2005-08-29,26.809999,300703100
998,2005-09-05,26.520000,184813200
999,2005-09-12,25.969999,406684500
1000,2005-09-19,25.120001,328869200
1001,2005-09-26,25.209999,300472600
1002,2005-10-03,24.520000,413185600
1003,2005-10-10,24.250000,320781300
1004,2005-10-17,24.440001,311088900
1005,2005-10-24,24.680000,319482000
1006,2005-10-31,25.500000,352445200
1007,2005-11-07,26.639999,322019000
1008,2005-11-14,27.200001,385292400
1009,2005-11-21,27.469999,284671500
1010,2005-11-28,27.530001,278968000
1011,2005-12-05,27.549999,281479100
1012,2005-12-12,26.809999,400679500
1013,2005-12-19,26.420000,329407700
1014,2005-12-26,26.100000,156803500
1015,2006-01-02,26.100000,287157100
1016,2006-01-09,26.590000,278080400
1017,2006-01-16,26.260000,250476300
1018,2006-01-23,26.219999,374068400
1019,2006-01-30,27.340000,397385400
1020,2006-02-06,26.510000,289113900
1021,2006-02-13,26.340000,258330500
1022,2006-02-20,26.340000,185372100
1023,2006-02-27,26.670000,256467900
1024,2006-03-06,26.809999,248873300
1025,2006-03-13,26.940001,331725100
1026,2006-03-20,26.620001,428830300
1027,2006-03-27,26.809999,288381900
1028,2006-04-03,27.230000,243749500
1029,2006-04-10,26.969999,142728400
1030,2006-04-17,26.700001,241356300
1031,2006-04-24,24.000000,818292700
1032,2006-05-01,23.139999,879723200
1033,2006-05-08,23.049999,408635300
1034,2006-05-15,22.520000,443555800
1035,2006-05-22,22.450001,404579600
1036,2006-05-29,22.620001,326865900
1037,2006-06-05,21.889999,421043600
1038,2006-06-12,21.459999,542650300
1039,2006-06-19,22.120001,449022900
1040,2006-06-26,22.629999,404754000
1041,2006-07-03,23.299999,186748900
1042,2006-07-10,22.230000,357219600
1043,2006-07-17,22.260000,436378000
1044,2006-07-24,23.770000,311697200
1045,2006-07-31,23.850000,224730800
1046,2006-08-07,24.190001,201448300
1047,2006-08-14,24.350000,323289600
1048,2006-08-21,25.500000,291408400
1049,2006-08-28,25.629999,165160300
1050,2006-09-04,25.389999,182516500
1051,2006-09-11,25.420000,345945900
1052,2006-09-18,26.480000,270058100
1053,2006-09-25,26.790001,267367500
1054,2006-10-02,27.150000,292904900
1055,2006-10-09,27.420000,355111200
1056,2006-10-16,28.120001,224116800
1057,2006-10-23,28.040001,309676000
1058,2006-10-30,28.320000,284853300
1059,2006-11-06,28.660000,321623300
1060,2006-11-13,29.070000,287912700
1061,2006-11-20,29.500000,216514300
1062,2006-11-27,28.900000,309653900
1063,2006-12-04,28.799999,304979500
1064,2006-12-11,29.110001,410894100
1065,2006-12-18,29.530001,212253200
1066,2006-12-25,29.400000,136777100
1067,2007-01-01,29.400000,167316800
1068,2007-01-08,29.430000,353311000
1069,2007-01-15,30.690001,253090400
1070,2007-01-22,30.450001,357325300
1071,2007-01-29,30.129999,309232200
1072,2007-02-05,28.930000,362100800
1073,2007-02-12,28.650000,331909500
1074,2007-02-19,28.469999,244124600
1075,2007-02-26,27.730000,380388900
1076,2007-03-05,26.600000,310161000
1077,2007-03-12,26.709999,304228600
1078,2007-03-19,27.200001,268577300
1079,2007-03-26,27.400000,243109200
1080,2007-04-02,27.559999,175174300
1081,2007-04-09,27.990000,193842900
1082,2007-04-16,28.209999,209649000
1083,2007-04-23,28.590000,312509900
1084,2007-04-30,29.900000,408437500
1085,2007-05-07,30.480000,270999700
1086,2007-05-14,30.580000,290534600
1087,2007-05-21,29.959999,239931300
1088,2007-05-28,30.389999,224509800
1089,2007-06-04,29.410000,257234600
1090,2007-06-11,29.770000,329883500
1091,2007-06-18,29.450001,281861500
1092,2007-06-25,29.040001,272963800
1093,2007-07-02,29.490000,187898100
1094,2007-07-09,29.180000,244337300
1095,2007-07-16,29.719999,409429100
1096,2007-07-23,29.360001,319829900
1097,2007-07-30,28.820000,323533700
1098,2007-08-06,28.260000,311132800
1099,2007-08-13,27.510000,304749200
1100,2007-08-20,27.870001,224547200
1101,2007-08-27,27.820000,198670200
1102,2007-09-03,28.320000,190951100
1103,2007-09-10,28.410000,182778300
1104,2007-09-17,28.270000,414046100
1105,2007-09-24,28.799999,329644000
1106,2007-10-01,29.290001,198090200
1107,2007-10-08,29.600000,208029500
1108,2007-10-15,30.000000,313937900
1109,2007-10-22,30.120001,644430400
1110,2007-10-29,34.349998,656057300
1111,2007-11-05,33.650002,510229200
1112,2007-11-12,33.020000,408367700
1113,2007-11-19,33.709999,286021500
1114,2007-11-26,32.680000,377759800
1115,2007-12-03,32.630001,291447500
1116,2007-12-10,33.930000,299539000
1117,2007-12-17,34.209999,311967600
1118,2007-12-24,35.669998,126633300
1119,2007-12-31,34.090000,219924300
1120,2008-01-07,33.349998,361252000
1121,2008-01-14,32.509998,446486700
1122,2008-01-21,31.040001,598751500
1123,2008-01-28,30.250000,650255700
1124,2008-02-04,27.900000,685685200
1125,2008-02-11,27.910000,467445800
1126,2008-02-18,27.200001,385799300
1127,2008-02-25,27.020000,494511600
1128,2008-03-03,26.870001,438685000
1129,2008-03-10,27.639999,436676700
1130,2008-03-17,27.280001,289797700
1131,2008-03-24,27.830000,240450200
1132,2008-03-31,27.840000,244898400
1133,2008-04-07,28.209999,254966700
1134,2008-04-14,27.930000,254237700
1135,2008-04-21,29.600000,480762300
1136,2008-04-28,28.450001,394359100
1137,2008-05-05,28.930000,423255800
1138,2008-05-12,29.350000,336837900
1139,2008-05-19,27.950001,296601500
1140,2008-05-26,28.040001,210751400
1141,2008-06-02,27.200001,397776700
1142,2008-06-09,27.110001,449517200
1143,2008-06-16,28.100000,328171600
1144,2008-06-23,27.459999,327143100
1145,2008-06-30,25.600000,279901800
1146,2008-07-07,24.870001,318699800
1147,2008-07-14,24.930000,472799000
1148,2008-07-21,25.440001,385416500
1149,2008-07-28,25.070000,321234900
1150,2008-08-04,25.110001,403815800
1151,2008-08-11,27.559999,279721700
1152,2008-08-18,26.860001,211452900
1153,2008-08-25,27.129999,229239100
1154,2008-09-01,25.629999,271654000
1155,2008-09-08,25.670000,371453200
1156,2008-09-15,23.500000,568268600
1157,2008-09-22,25.320000,474587100
1158,2008-09-29,25.010000,538642000
1159,2008-10-06,20.650000,824330600
1160,2008-10-13,21.309999,718711400
1161,2008-10-20,20.889999,652618500
1162,2008-10-27,21.020000,551852700
1163,2008-11-03,20.860001,381992200
1164,2008-11-10,18.740000,480321800
1165,2008-11-17,17.500000,606030700
1166,2008-11-24,19.549999,326567100
1167,2008-12-01,18.469999,411006600
1168,2008-12-08,18.700001,410885800
1169,2008-12-15,18.889999,430826900
1170,2008-12-22,18.889999,146068200
1171,2008-12-29,18.639999,198239900
1172,2009-01-05,19.410000,312339200
1173,2009-01-12,18.520000,374068400
1174,2009-01-19,16.750000,497671100
1175,2009-01-26,17.100000,329880700
1176,2009-02-02,17.000000,413296000
1177,2009-02-09,18.540001,317487800
1178,2009-02-16,17.660000,249409600
1179,2009-02-23,16.100000,476020000
1180,2009-03-02,14.870000,412893700
1181,2009-03-09,15.100000,422845400
1182,2009-03-16,16.240000,340940700
1183,2009-03-23,17.309999,307016700
1184,2009-03-30,17.270000,419435900
1185,2009-04-06,18.270000,225459800
1186,2009-04-13,18.510000,310053700
1187,2009-04-20,18.469999,437861300
1188,2009-04-27,19.790001,374870800
1189,2009-05-04,19.139999,317112800
1190,2009-05-11,19.010000,300840500
1191,2009-05-18,19.469999,240444300
1192,2009-05-25,19.450001,179500300
1193,2009-06-01,20.860001,264201600
1194,2009-06-08,21.629999,277273600
1195,2009-06-15,23.020000,435179500
1196,2009-06-22,23.200001,305182700
1197,2009-06-29,23.209999,249637900
1198,2009-07-06,22.000000,265284000
1199,2009-07-13,22.139999,297686600
1200,2009-07-20,22.809999,487215100
1201,2009-07-27,22.900000,346943500
1202,2009-08-03,23.270000,255287200
1203,2009-08-10,23.030001,216134700
1204,2009-08-17,23.230000,231691900
1205,2009-08-24,24.280001,240543800
1206,2009-08-31,23.760000,232092300
1207,2009-09-07,24.410000,204196900
1208,2009-09-14,24.639999,248024500
1209,2009-09-21,25.100000,257317100
1210,2009-09-28,24.430000,274119500
1211,2009-10-05,24.520000,248114200
1212,2009-10-12,25.520000,234381300
1213,2009-10-19,25.940001,507781600
1214,2009-10-26,27.660000,405975200
1215,2009-11-02,27.410000,268212300
1216,2009-11-09,28.530001,281482500
1217,2009-11-16,29.370001,283824400
1218,2009-11-23,28.750000,140565500
1219,2009-11-30,29.000000,232290700
1220,2009-12-07,29.250000,209882600
1221,2009-12-14,29.570000,277671400
1222,2009-12-21,30.370001,115896700
1223,2009-12-28,30.480000,129036100
1224,2010-01-04,30.190001,248098200
1225,2010-01-11,29.910000,329671600
1226,2010-01-18,28.840000,276516500
1227,2010-01-25,27.660000,505364600
1228,2010-02-01,27.570000,360552800
1229,2010-02-08,27.570000,307718600
1230,2010-02-15,28.020000,185126800
1231,2010-02-22,28.020000,221245100
1232,2010-03-01,28.240000,284263800
1233,2010-03-08,28.500000,201627400
1234,2010-03-15,29.010000,249798500
1235,2010-03-22,29.389999,242496700
1236,2010-03-29,28.620001,206818900
1237,2010-04-05,28.980000,258483100
1238,2010-04-12,30.129999,288833100
1239,2010-04-19,30.650000,384127100
1240,2010-04-26,30.520000,312818100
1241,2010-05-03,27.320000,495240000
1242,2010-05-10,28.570000,306112300
1243,2010-05-17,26.440001,366078000
1244,2010-05-24,24.559999,552699900
1245,2010-05-31,25.520000,299540400
1246,2010-06-07,24.650000,402593800
1247,2010-06-14,25.469999,281383000
1248,2010-06-21,24.309999,413577000
1249,2010-06-28,22.730000,429441900
1250,2010-07-05,23.580000,258121500
1251,2010-07-12,24.420000,306590500
1252,2010-07-19,24.700001,338546300
1253,2010-07-26,25.350000,350607800
1254,2010-08-02,25.020000,311358400
1255,2010-08-09,24.240000,336605100
1256,2010-08-16,24.200001,244265900
1257,2010-08-23,23.510000,275615000
1258,2010-08-30,23.320000,289789800
1259,2010-09-06,23.740000,221754300
1260,2010-09-13,24.090000,372932600
1261,2010-09-20,24.360001,294964400
1262,2010-09-27,24.299999,267898400
1263,2010-10-04,23.780001,318209900
1264,2010-10-11,24.430000,273969700
1265,2010-10-18,24.950001,246635300
1266,2010-10-25,25.059999,379945600
1267,2010-11-01,26.530001,431122500
1268,2010-11-08,26.100000,309522000
1269,2010-11-15,25.549999,287370700
1270,2010-11-22,25.090000,201275400
1271,2010-11-29,24.930000,350390400
1272,2010-12-06,26.760000,220565600
1273,2010-12-13,27.170000,326785300
1274,2010-12-20,27.680000,158118800
1275,2010-12-27,27.629999,109735600
1276,2011-01-03,27.770000,328636400
1277,2011-01-10,27.910000,290269600
1278,2011-01-17,28.020000,220022500
1279,2011-01-24,27.450001,457301200
1280,2011-01-31,27.420000,274416000
1281,2011-02-07,27.070000,317402300
1282,2011-02-14,26.600000,297575700
1283,2011-02-21,26.430000,238623600
1284,2011-02-28,25.799999,298801800
1285,2011-03-07,25.350000,271774600
1286,2011-03-14,24.680000,379249800
1287,2011-03-21,25.150000,217469200
1288,2011-03-28,25.299999,258083900
1289,2011-04-04,25.410000,260688500
1290,2011-04-11,25.090000,229671700
1291,2011-04-18,24.719999,205438400
1292,2011-04-25,25.340000,554932000
1293,2011-05-02,25.480000,346603800
1294,2011-05-09,24.950001,382307400
1295,2011-05-16,24.250000,311399200
1296,2011-05-23,24.030001,263556100
1297,2011-05-30,23.840000,246415300
1298,2011-06-06,23.690001,230302200
1299,2011-06-13,23.650000,280381700
1300,2011-06-20,24.160000,309192000
1301,2011-06-27,24.230000,344568900
1302,2011-07-04,25.900000,196816700
1303,2011-07-11,26.340000,227695600
1304,2011-07-18,26.260000,339145900
1305,2011-07-25,27.190001,442763800
1306,2011-08-01,25.230000,395323900
1307,2011-08-08,24.030001,543823200
1308,2011-08-15,23.910000,344816700
1309,2011-08-22,23.790001,279870300
1310,2011-08-29,25.370001,259910600
1311,2011-09-05,25.110001,227231400
1312,2011-09-12,25.270000,328067400
1313,2011-09-19,24.600000,335333900
1314,2011-09-26,24.730000,284882300
1315,2011-10-03,24.260000,349992200
1316,2011-10-10,26.469999,227902500
1317,2011-10-17,26.400000,287742000
1318,2011-10-24,26.100000,305706800
1319,2011-10-31,25.700001,263900000
1320,2011-11-07,26.059999,223780500
1321,2011-11-14,25.150000,249939900
1322,2011-11-21,24.299999,186351300
1323,2011-11-28,24.690001,269873900
1324,2011-12-05,25.340000,279971400
1325,2011-12-12,25.290001,289075400
1326,2011-12-19,25.440001,236158300
1327,2011-12-26,25.760000,101122300
1328,2012-01-02,26.389999,300784500
1329,2012-01-09,27.370001,294870500
1330,2012-01-16,27.969999,377212300
1331,2012-01-23,29.070000,280303600
1332,2012-01-30,28.830000,263158900
1333,2012-02-06,29.969999,212028100
1334,2012-02-13,29.850000,301016700
1335,2012-02-20,31.000000,170693200
1336,2012-02-27,31.100000,263780900
1337,2012-03-05,31.490000,202889100
1338,2012-03-12,31.820000,239706900
1339,2012-03-19,31.719999,191946300
1340,2012-03-26,31.809999,183165900
1341,2012-04-02,31.049999,178430200
1342,2012-04-09,30.230000,206254900
1343,2012-04-16,30.770000,273865400
1344,2012-04-23,31.830000,246492000
1345,2012-04-30,30.920000,206343300
1346,2012-05-07,30.100000,232577500
1347,2012-05-14,29.170000,267124700
1348,2012-05-21,28.639999,225546000
1349,2012-05-28,28.440001,175112600
1350,2012-06-04,28.320000,220846100
1351,2012-06-11,28.820000,216457700
1352,2012-06-18,29.709999,264217500
1353,2012-06-25,29.420000,214975800
1354,2012-07-02,29.950001,118623900
1355,2012-07-09,28.540001,210008400
1356,2012-07-16,29.040001,213447200
1357,2012-07-23,28.780001,237998700
1358,2012-07-30,28.969999,173627600
1359,2012-08-06,29.809999,134463400
1360,2012-08-13,30.010000,150328600
1361,2012-08-20,30.080000,137296700
1362,2012-08-27,30.219999,142558000
1363,2012-09-03,30.150000,173227500
1364,2012-09-10,30.400000,194961700
1365,2012-09-17,30.910000,267795000
1366,2012-09-24,29.740000,257123500
1367,2012-10-01,29.420000,228806300
1368,2012-10-08,28.799999,210053400
1369,2012-10-15,28.500000,284095000
1370,2012-10-22,27.760000,312983500
1371,2012-10-29,28.500000,198643600
1372,2012-11-05,28.799999,232477100
1373,2012-11-12,26.340000,383926500
1374,2012-11-19,26.459999,228455700
1375,2012-11-26,26.490000,336477300
1376,2012-12-03,26.260000,256579500
1377,2012-12-10,26.520000,230437800
1378,2012-12-17,26.680000,297436700
1379,2012-12-24,26.549999,120107400
1380,2012-12-31,26.370001,196464300
1381,2013-01-07,26.280001,257804800
1382,2013-01-14,26.760000,241499900
1383,2013-01-21,27.000000,292625300
1384,2013-01-28,27.400000,254975500
1385,2013-02-04,27.100000,199186800
1386,2013-02-11,27.500000,192268300
1387,2013-02-18,27.230000,163396000
1388,2013-02-25,27.330000,205019700
1389,2013-03-04,27.700001,197902700
1390,2013-03-11,27.639999,253601200
1391,2013-03-18,27.809999,195112900
1392,2013-03-25,27.959999,163479500
1393,2013-04-01,28.110001,188910900
1394,2013-04-08,28.469999,377419500
1395,2013-04-15,28.500000,318668200
1396,2013-04-22,30.270000,446477000
1397,2013-04-29,31.770000,281456600
1398,2013-05-06,32.320000,218465000
1399,2013-05-13,32.549999,259251200
1400,2013-05-20,33.900002,253047800
1401,2013-05-27,34.410000,193921000
1402,2013-06-03,34.430000,241183000
1403,2013-06-10,34.250000,211650600
1404,2013-06-17,33.049999,248935000
1405,2013-06-24,32.570000,243386900
1406,2013-07-01,33.580002,110765700
1407,2013-07-08,33.980000,176513700
1408,2013-07-15,31.020000,405781800
1409,2013-07-22,31.209999,299500800
1410,2013-07-29,31.400000,190326400
1411,2013-08-05,31.250000,191229200
1412,2013-08-12,30.840000,179681700
1413,2013-08-19,31.370001,344954900
1414,2013-08-26,32.799999,263641400
1415,2013-09-02,30.950001,443907400
1416,2013-09-09,31.200001,219356400
1417,2013-09-16,32.689999,346587600
1418,2013-09-23,32.150002,193270600
1419,2013-09-30,32.700001,195216900
1420,2013-10-07,32.799999,184873900
1421,2013-10-14,33.779999,183138200
1422,2013-10-21,33.570000,293176200
1423,2013-10-28,35.259998,189030400
1424,2013-11-04,35.549999,265866600
1425,2013-11-11,36.900002,200266700
1426,2013-11-18,36.669998,180829100
1427,2013-11-25,37.349998,113204600
1428,2013-12-02,37.180000,299806100
1429,2013-12-09,36.619999,184046900
1430,2013-12-16,35.529999,237423200
1431,2013-12-23,36.549999,71547500
1432,2013-12-30,36.599998,95561000
1433,2014-01-06,35.400002,216443300
1434,2014-01-13,34.630001,216624000
1435,2014-01-20,35.520000,173821100
1436,2014-01-27,35.750000,261570800
1437,2014-02-03,35.689999,243187700
1438,2014-02-10,36.290001,155003200
1439,2014-02-17,37.209999,128131800
1440,2014-02-24,37.189999,178981800
1441,2014-03-03,37.490002,127213800
1442,2014-03-10,37.509998,134082400
1443,2014-03-17,37.790001,260132300
1444,2014-03-24,39.340000,210110900
1445,2014-03-31,39.639999,189707200
1446,2014-04-07,39.000000,181167900
1447,2014-04-14,38.900002,133279500
1448,2014-04-21,39.299999,173139100
1449,2014-04-28,39.660000,187909100
1450,2014-05-05,38.509998,153085800
1451,2014-05-12,39.270000,136266400
1452,2014-05-19,39.459999,106478800
1453,2014-05-26,39.810001,106327900
1454,2014-06-02,39.860001,115707900
1455,2014-06-09,40.290001,104305800
1456,2014-06-16,40.340000,141414000
1457,2014-06-23,41.430000,163546500
1458,2014-06-30,41.529999,93887500
1459,2014-07-07,41.049999,117554200
1460,2014-07-14,42.029999,239535600
1461,2014-07-21,44.220001,190526100
1462,2014-07-28,42.599998,152076500
1463,2014-08-04,42.209999,144435400
1464,2014-08-11,43.000000,125596700
1465,2014-08-18,44.680000,120381100
1466,2014-08-25,44.610001,92336200
1467,2014-09-01,44.529999,120076200
1468,2014-09-08,45.990002,180802600
1469,2014-09-15,46.099998,341969100
1470,2014-09-22,45.759998,158855300
1471,2014-09-29,45.610001,154785100
1472,2014-10-06,43.950001,165759600
1473,2014-10-13,42.099998,225158300
1474,2014-10-20,42.810001,211061200
1475,2014-10-27,45.709999,155620800
1476,2014-11-03,46.730000,128149200
1477,2014-11-10,48.520000,137829500
1478,2014-11-17,47.570000,144887000
1479,2014-11-24,47.279999,112140200
1480,2014-12-01,47.709999,138133700
1481,2014-12-08,46.669998,144734200
1482,2014-12-15,44.900002,216676900
1483,2014-12-22,47.709999,74849700
1484,2014-12-29,46.450001,80290600
1485,2015-01-05,45.490002,158825300
1486,2015-01-12,45.169998,157088200
1487,2015-01-19,45.480000,137352600
1488,2015-01-26,40.349998,437786800
1489,2015-02-02,40.230000,215214500
1490,2015-02-09,42.180000,172848000
1491,2015-02-16,43.049999,118131900
1492,2015-02-23,43.650002,150315300
1493,2015-03-02,42.150002,148863600
1494,2015-03-09,40.610001,221483200
1495,2015-03-16,41.150002,216925300
1496,2015-03-23,40.830002,167126300
1497,2015-03-30,40.119999,144289700
1498,2015-04-06,40.180000,146532400
1499,2015-04-13,41.160000,146762000
1500,2015-04-20,41.680000,274379000
1501,2015-04-27,47.220001,271446400
1502,2015-05-04,46.020000,205178300
1503,2015-05-11,46.419998,150345900
1504,2015-05-18,46.820000,125890500
1505,2015-05-25,46.189999,112720800
1506,2015-06-01,45.840000,131521400
1507,2015-06-08,45.459999,126223900
1508,2015-06-15,45.020000,185524200
1509,2015-06-22,45.029999,151556800
1510,2015-06-29,43.939999,120123000
1511,2015-07-06,43.320000,157146200
1512,2015-07-13,44.950001,133427000
1513,2015-07-20,45.099998,198833400
1514,2015-07-27,44.790001,185955600
1515,2015-08-03,46.259998,131020500
1516,2015-08-10,45.709999,126599300
1517,2015-08-17,43.070000,182450600
1518,2015-08-24,39.720001,301968200
1519,2015-08-31,41.660000,187226100
1520,2015-09-07,42.750000,124438400
1521,2015-09-14,42.860001,171822300
1522,2015-09-21,43.270000,128698500
1523,2015-09-28,43.049999,165833200
1524,2015-10-05,45.700001,151471300
1525,2015-10-12,46.500000,118094400
1526,2015-10-19,47.020000,277198300
1527,2015-10-26,52.500000,239455900
1528,2015-11-02,52.619999,168289400
1529,2015-11-09,52.529999,196522400
1530,2015-11-16,52.849998,158723300
1531,2015-11-23,53.580002,82850100
1532,2015-11-30,53.930000,226060600
1533,2015-12-07,54.009998,171286300
1534,2015-12-14,53.680000,250080300
1535,2015-12-21,54.230000,102406800
1536,2015-12-28,54.980000,99228300
1537,2016-01-04,52.070000,232695500
1538,2016-01-11,50.340000,264125500
1539,2016-01-18,49.099998,184584500
1540,2016-01-25,51.020000,246509200
1541,2016-02-01,49.560001,267078200
1542,2016-02-08,48.189999,227389900
1543,2016-02-15,50.130001,138815300
1544,2016-02-22,50.200001,149833500
1545,2016-02-29,50.660000,151430400
1546,2016-03-07,50.580002,171158000
1547,2016-03-14,52.630001,172729500
1548,2016-03-21,52.930000,87128800
1549,2016-03-28,53.330002,114717400
1550,2016-04-04,54.209999,100782100
1551,2016-04-11,53.759998,116847400
1552,2016-04-18,50.770000,255321700
1553,2016-04-25,49.349998,201675300
1554,2016-05-02,49.459999,134010300
1555,2016-05-09,50.000000,111576800
1556,2016-05-16,49.820000,120491200
1557,2016-05-23,49.980000,126973400
1558,2016-05-30,51.599998,109187000
1559,2016-06-06,51.040001,106398400
1560,2016-06-13,49.060001,236451600
1561,2016-06-20,49.520000,261054300
1562,2016-06-27,48.040001,169589200
1563,2016-07-04,50.389999,100950100
1564,2016-07-11,52.470001,131513500
1565,2016-07-18,52.930000,239597600
1566,2016-07-25,55.720001,154126200
1567,2016-08-01,56.139999,139123900
1568,2016-08-08,57.619999,91968600
1569,2016-08-15,57.200001,90149100
1570,2016-08-22,57.259998,91629600
1571,2016-08-29,57.009998,99183600
1572,2016-09-05,56.209999,89031800
1573,2016-09-12,55.610001,154949700
1574,2016-09-19,56.750000,111805900
1575,2016-09-26,56.680000,125664500
1576,2016-10-03,56.970001,92303400
1577,2016-10-10,56.320000,119587600
1578,2016-10-17,56.660000,195345700
1579,2016-10-24,59.580002,181170400
1580,2016-10-31,58.520000,123412100
1581,2016-11-07,57.630001,200822900
1582,2016-11-14,57.279999,164384000
1583,2016-11-21,60.130001,73117800
1584,2016-11-28,58.799999,137812500
1585,2016-12-05,59.560001,122838900
1586,2016-12-12,61.720001,156392700
1587,2016-12-19,62.419998,112043300
1588,2016-12-26,62.029999,62247000
1589,2017-01-02,62.029999,86833000
1590,2017-01-09,61.950001,100883500
1591,2017-01-16,62.029999,88999300
1592,2017-01-23,62.570000,159815800
1593,2017-01-30,62.750000,172722200
1594,2017-02-06,63.139999,98985100
1595,2017-02-13,64.019997,104828800
1596,2017-02-20,64.050003,82018500
1597,2017-02-27,63.619999,108724300
1598,2017-03-06,63.810001,98167200
1599,2017-03-13,64.150002,129108000
1600,2017-03-20,64.120003,103804900
1601,2017-03-27,64.349998,88476600
1602,2017-04-03,65.190002,87058900
1603,2017-04-10,64.849998,71749200
1604,2017-04-17,64.889999,113659800
1605,2017-04-24,67.099998,160723300
1606,2017-05-01,68.489998,125666700
1607,2017-05-08,68.040001,106905800
1608,2017-05-15,67.139999,149197500
1609,2017-05-22,67.500000,87939300
1610,2017-05-29,69.449997,103883100
1611,2017-06-05,68.589996,160905400
1612,2017-06-12,68.129997,172944800
1613,2017-06-19,69.709999,115784600
1614,2017-06-26,68.089996,123708100
1615,2017-07-03,68.019997,75337700
1616,2017-07-10,69.199997,96363300
1617,2017-07-17,72.660004,159733500
1618,2017-07-24,72.320000,114816600
1619,2017-07-31,71.440002,113025000
1620,2017-08-07,71.279999,109141900
1621,2017-08-14,71.930000,99167400
1622,2017-08-21,71.699997,75737600
1623,2017-08-28,72.050003,92334900
1624,2017-09-04,72.980003,70266800
1625,2017-09-11,74.070000,99998400
1626,2017-09-18,73.849998,94285700
1627,2017-09-25,72.919998,89696800
1628,2017-10-02,73.709999,75968000
1629,2017-10-09,75.860001,72932100
1630,2017-10-16,77.250000,80464000
1631,2017-10-23,78.010002,161742600
1632,2017-10-30,82.879997,122777100
1633,2017-11-06,82.900002,96411000
1634,2017-11-13,82.239998,95423100
1635,2017-11-20,82.250000,65531200
1636,2017-11-27,83.180000,130159000
1637,2017-12-04,80.699997,139082900
1638,2017-12-11,84.120003,142087400
1639,2017-12-18,84.709999,101620000
1640,2017-12-25,85.029999,53880900
1641,2018-01-01,85.500000,93864300
1642,2018-01-08,87.239998,102329900
1643,2018-01-15,88.010002,123255600
1644,2018-01-22,89.739998,135847300
1645,2018-01-29,91.500000,214057000
1646,2018-02-05,83.830002,279265500
1647,2018-02-12,87.800003,155509700
1648,2018-02-19,91.010002,108556200
1649,2018-02-26,90.860001,157202200
1650,2018-03-05,92.260002,135618600
1651,2018-03-12,92.830002,170285800
1652,2018-03-19,87.080002,163550000
1653,2018-03-26,88.400002,211334400
1654,2018-04-02,87.510002,189087100
1655,2018-04-09,90.620003,133323000
1656,2018-04-16,93.419998,122809300
1657,2018-04-23,90.279999,181387700
1658,2018-04-30,92.449997,154077300
1659,2018-05-07,95.050003,114220400
1660,2018-05-14,95.830002,96545300
1661,2018-05-21,96.320000,101128100
1662,2018-05-28,97.230003,113626000
1663,2018-06-04,100.379997,122316200
1664,2018-06-11,100.070000,162739400
1665,2018-06-18,99.419998,140541200
1666,2018-06-25,97.260002,148332800
1667,2018-07-02,98.000000,72446800
1668,2018-07-09,101.099998,106120800
1669,2018-07-16,103.889999,173358100
1670,2018-07-23,106.129997,155103100
1671,2018-07-30,104.760002,130716100
1672,2018-08-06,107.559998,83694500
1673,2018-08-13,106.690002,104689400
1674,2018-08-20,105.779999,94198400
1675,2018-08-27,108.510002,105653200
1676,2018-09-03,107.230003,101483200
1677,2018-09-10,108.360001,109098700
1678,2018-09-17,111.040001,159580000
1679,2018-09-24,112.220001,110093600
1680,2018-10-01,110.639999,120208900
1681,2018-10-08,104.199997,228861900
1682,2018-10-15,106.949997,155518200
1683,2018-10-22,101.589996,251383700
1684,2018-10-29,100.110001,242639700
1685,2018-11-05,105.900002,147847300
1686,2018-11-12,103.910004,180498800
1687,2018-11-19,99.349998,150780100
1688,2018-11-26,104.580002,170038000
1689,2018-12-03,104.300003,174082100
1690,2018-12-10,103.889999,197742900
1691,2018-12-17,97.459999,356051000
1692,2018-12-24,93.959999,183264800
1693,2018-12-31,97.199997,155142800
1694,2019-01-07,100.980003,157833100
1695,2019-01-14,101.260002,155699200
1696,2019-01-21,104.860001,112636000
1697,2019-01-28,102.169998,201611200
1698,2019-02-04,102.769997,130472100
1699,2019-02-11,104.970001,110757200
1700,2019-02-18,106.290001,96472600
1701,2019-02-25,110.879997,119359500
1702,2019-03-04,108.800003,111990700
1703,2019-03-11,110.980003,173582600
1704,2019-03-18,116.050003,160388500
1705,2019-03-25,115.519997,119632800
1706,2019-04-01,118.099998,99731100
1707,2019-04-08,118.580002,83159600
1708,2019-04-15,120.099998,77156300
1709,2019-04-22,122.570000,132620000
1710,2019-04-29,125.519997,119573700
1711,2019-05-06,123.570000,146827400
1712,2019-05-13,123.040001,139816600
1713,2019-05-20,124.739998,92123900
1714,2019-05-27,123.320000,89367900
1715,2019-06-03,119.010002,147636900
1716,2019-06-10,130.710007,102505800
1717,2019-06-17,132.529999,133967200
1718,2019-06-24,132.729996,124214400
1719,2019-07-01,134.970001,69621700
1720,2019-07-08,135.369995,102201900
1721,2019-07-15,134.669998,138962800
1722,2019-07-22,137.330002,101242300
1723,2019-07-29,135.080002,143400300
1724,2019-08-05,130.779999,159824000
1725,2019-08-12,132.250000,130689700
1726,2019-08-19,132.800003,117702400
1727,2019-08-26,133.550003,104916800
1728,2019-09-02,135.699997,83791500
1729,2019-09-09,134.509995,129776500
1730,2019-09-16,135.660004,133467100
1731,2019-09-23,136.029999,108228800
1732,2019-09-30,133.220001,116299800
1733,2019-10-07,135.619995,103704700
1734,2019-10-14,136.559998,107485700
1735,2019-10-21,135.610001,140342800
1736,2019-10-28,142.649994,132099700
1737,2019-11-04,143.199997,86257400
1738,2019-11-11,144.729996,93138900
1739,2019-11-18,148.460007,105644400
1740,2019-11-25,149.919998,74202700
1741,2019-12-02,146.649994,103331700
1742,2019-12-09,150.330002,100477600
1743,2019-12-16,153.750000,152135400
1744,2019-12-23,157.119995,59640800
1745,2019-12-30,156.449997,78456100
1746,2020-01-06,156.509995,112305200
1747,2020-01-13,161.259995,124758900
1748,2020-01-20,164.449997,98254900
1749,2020-01-27,160.199997,179472700
1750,2020-02-03,170.399994,167007100
1751,2020-02-10,181.850006,194512400
1752,2020-02-17,177.250000,143224700
1753,2020-02-24,152.000000,382778100
1754,2020-03-02,156.000000,313160600
1755,2020-03-09,138.580002,378099100
1756,2020-03-16,135.000000,421347800
1757,2020-03-23,132.520004,358740500
1758,2020-03-30,150.009995,290191400
1759,2020-04-06,157.580002,229584000
1760,2020-04-13,162.300003,238965600
1761,2020-04-20,166.110001,194561900
1762,2020-04-27,169.389999,212120100
1763,2020-05-04,173.800003,158545200
1764,2020-05-11,175.679993,196126700
1765,2020-05-18,182.539993,143271300
1766,2020-05-25,176.600006,151531300
1767,2020-06-01,181.350006,149383400
1768,2020-06-08,184.440002,203096100
1769,2020-06-15,184.009995,168517400
1770,2020-06-22,194.880005,182956600
1771,2020-06-29,193.550003,122388900
1772,2020-07-06,207.990005,158397600
1773,2020-07-13,201.389999,169482800
1774,2020-07-20,197.509995,231764900
1775,2020-07-27,199.009995,149168500
1776,2020-08-03,210.309998,217546700
1777,2020-08-10,203.139999,141723900
1778,2020-08-17,208.910004,132379400
1779,2020-08-24,212.429993,171999700
1780,2020-08-31,205.190002,206644900
1781,2020-09-07,201.240005,167684900
1782,2020-09-14,196.250000,167764400
1783,2020-09-21,196.380005,164800400
1784,2020-09-28,205.539993,150369100
1785,2020-10-05,204.820007,121950800
1786,2020-10-12,216.009995,141624900
1787,2020-10-19,211.699997,114335300
1788,2020-10-26,199.619995,193393800
1789,2020-11-02,200.119995,161978000
1790,2020-11-09,209.720001,158095900
1791,2020-11-16,209.929993,125116000
1792,2020-11-23,208.160004,95188300
1793,2020-11-30,210.839996,137480700
1794,2020-12-07,209.110001,138057400
1795,2020-12-14,212.240005,186693000
1796,2020-12-21,217.279999,89044300
1797,2020-12-28,219.679993,76551100
1798,2021-01-04,211.940002,147534500
1799,2021-01-11,212.029999,127595000
1800,2021-01-18,212.630005,129140300
1801,2021-01-25,224.220001,243806600
1802,2021-02-01,232.429993,129739500
1803,2021-02-08,240.809998,100275800
1804,2021-02-15,240.179993,90570200
1805,2021-02-22,227.880005,170376700
1806,2021-03-01,224.259995,168766600
1807,2021-03-08,227.130005,150656000
1808,2021-03-15,229.350006,164952900
1809,2021-03-22,230.139999,146927300
1810,2021-03-29,231.100006,123981000
1811,2021-04-05,242.699997,130514300
1812,2021-04-12,254.619995,124563200
1813,2021-04-19,255.639999,114031400
1814,2021-04-26,249.000000,169214700
1815,2021-05-03,244.690002,127808000
1816,2021-05-10,238.070007,153151300
1817,2021-05-17,238.600006,114541800
1818,2021-05-24,247.509995,99583800
1819,2021-05-31,243.000000,93208800
1820,2021-06-07,249.809998,107035100
1821,2021-06-14,254.419998,129177100
1822,2021-06-21,257.920013,117966900
1823,2021-06-28,265.910004,104367600
1824,2021-07-05,274.299988,103349700
1825,2021-07-12,276.579987,116945800
1826,2021-07-19,274.450012,106892200
1827,2021-07-22,283.420013,23384059
